序号,链接,节点数
0,https://nodefree.org/dy/2025/05/20250519.yaml,28
1,https://v2rayshare.com/wp-content/uploads/2025/05/20250519.txt,50
2,https://gitlab.com/colloq168/nodefiltrate/-/raw/main/filtrate?ref_type=heads,164
3,https://raw.githubusercontent.com/Huibq/TrojanLinks/master/links/vmess,42
4,https://raw.githubusercontent.com/Surfboardv2ray/TGParse/main/python/hy2,0
5,https://raw.githubusercontent.com/aiboboxx/v2rayfree/main/v2,416
6,https://raw.githubusercontent.com/freefq/free/master/v2,15
7,https://raw.githubusercontent.com/qjlxg/hy2/main/splitted/hy2,0
8,https://raw.githubusercontent.com/ripaojiedian/freenode/main/clash,23
9,https://raw.githubusercontent.com/ripaojiedian/freenode/main/sub,24
10,https://raw.githubusercontent.com/zhangkaiitugithub/passcro/main/speednodes.yaml#ignore=vmess,ss,ssr,240
11,dynamic://kkzui,0
12,dynamic://sharkdoor,12

总计,,478
